inchikey,smiles
QFRUZVNPYYYLAN-BBJYNIMOSA-N,C[C@@]12CCC3C(=C)[C@]1(CC(=O)O[C@H]2C4=COC=C4)O[C@@H]5[C@]3(C(C(C(C5)O)(C)C)CC(=O)OC)C
SQSDBXYJKLVZJR-UHFFFAOYSA-N,CC1(C2CC1C(=C)C(C2)N)C.Cl
NPBNRBWMDNZEBN-YTEKVJICSA-N,CC([C@H]1CCC2[C@@]1(CCC3C2CC=C4[C@@]3(CC[C@@H](C4)O)C)C)C(=O)O
VYFYYTLLBUKUHU-UHFFFAOYSA-N,C1=CC(=C(C=C1CCN)O)O
JAKAZHIACKJNNB-UHFFFAOYSA-N,CC(=O)OCC(CC(CCCCCCCCCCCC#C)O)O
FUQAYSQLAOJBBC-UHFFFAOYSA-N,CC1(CC2C1CCC3(CCCC2(C3)O)C)C
VYIRVAXUEZSDNC-RDJLEWNRSA-N,CC1=C(C(C[C@@H](C1)O)(C)C)/C=C/C(=C/C=C/C(=C/C=C/C=C(\C)/C=C/C=C(\C)/C=C/C(=O)[C@@]2(C[C@H](CC2(C)C)O)C)/C)/C
NFJVELXCUBWAFL-UHFFFAOYSA-N,COC1=C(C=C(C(=C1)O)C(=O)C2=CC=CC=C2)O
KQJSQWZMSAGSHN-JJWQIEBTSA-N,CC1=C(C(=O)C=C2C1=CC=C3[C@]2(CC[C@@]4([C@@]3(CC[C@@]5([C@H]4C[C@](CC5)(C)C(=O)O)C)C)C)C)O
MFYSYFVPBJMHGN-ZPOLXVRWSA-N,C[C@]12CCC(=O)C=C1CC[C@@H]3[C@@H]2C(=O)C[C@]4([C@H]3CC[C@@]4(C(=O)CO)O)C
NKDFYOWSKOHCCO-YPVLXUMRSA-N,C[C@]12CC[C@H]3C(=CC(=O)[C@H]4[C@@]3(C[C@@H]([C@@H](C4)O)O)C)[C@@]1(CC[C@@H]2[C@](C)([C@@H](CCC(C)(C)O)O)O)O
WROKSYFOSDWFHL-UQVLWQGYSA-N,CC(=O)O[C@H]1C[C@H](C(C2[C@]1(C3CC[C@]4([C@@H](OC(=O)C5C4([C@@]3(C(=O)C2)C)O5)C(=O)O)C)C)(C)C)OC(=O)C
KXGVEGMKQFWNSR-LLQZFEROSA-N,C[C@H](CCC(=O)O)[C@H]1CC[C@@H]2[C@@]1([C@H](C[C@H]3[C@H]2CC[C@H]4[C@@]3(CC[C@H](C4)O)C)O)C
PQEYTAGBXNEUQL-UHFFFAOYSA-N,CCCCCC1C(CCC1=O)CC(=O)O
RHMXXJGYXNZAPX-UHFFFAOYSA-N,CC1=CC2=C(C(=C1)O)C(=O)C3=C(C2=O)C=C(C=C3O)O
ZDXPYRJPNDTMRX-VKHMYHEASA-N,C(CC(=O)N)[C@@H](C(=O)[O-])[NH3+]
RFDAIACWWDREDC-FRVQLJSFSA-N,C[C@H](CCC(=O)NCC(=O)O)[C@H]1CC[C@@H]2[C@@]1([C@H](C[C@H]3[C@H]2[C@@H](C[C@H]4[C@@]3(CC[C@H](C4)O)C)O)O)C
DFURNQJNFBMYHM-UHFFFAOYSA-N,C1=C(C=C(C(=C1O)O)O)C2=COC3=C(C2=O)C(=C(C(=C3)O)O)O
HDVAWXXJVMJBAR-VHSXEESVSA-N,C1CCN2CCC[C@H]([C@H]2C1)CO
DQWQITFUWFBXON-UHFFFAOYSA-N,COC(=O)C1=CC2=C(C(=C(C=C2)O)O)C(=O)C(=C1)O
NCCWCZLEACWJIN-UHFFFAOYSA-N,CC1=CC(=CC(=C1C(=O)OC)O)O
DTNGBIGBPPPNNB-UHFFFAOYSA-N,CC1=CC(=O)C2=C(O1)C=C(C(=C2O)CC=C(C)C)O
FFWOKTFYGVYKIR-UHFFFAOYSA-N,CC1=CC2=C(C(=C1)O)C(=O)C3=C(C2=O)C=C(C=C3O)OC
YJGVMLPVUAXIQN-XVVDYKMHSA-N,COC1=CC(=CC(=C1OC)OC)[C@H]2[C@@H]3[C@H](COC3=O)[C@H](C4=CC5=C(C=C24)OCO5)O
GHCZYXUOYFOXIP-UHFFFAOYSA-N,CC(=CCC1=C2C(=C3C(=C1O)C(=O)C(=CO3)C4=CC(=C(C=C4)O)O)C=CC(O2)(C)C)C
JFACETXYABVHFD-WXPPGMDDSA-N,CC1=C(C(=O)C=C2C1=CC=C3[C@]2(CC[C@@]4([C@@]3(CC[C@@]5([C@H]4C[C@](CC5)(C)C(=O)OC)C)C)C)C)O
ZCFFYALKHPIRKJ-UHFFFAOYSA-N,CC1=C(C2=CC3=NC(=CC4=NC(=CC5=C(C(=C(N5)C=C1N2)C=C)C)C(=C4CCC(=O)O)C)C(=C3C)CCC(=O)O)C=C
FCUGGFFHQXNXJN-MNRPPXDRSA-N,C[C@@]\1(CC[C@@]2([C@H](CC2(C)C)/C(=C\C=C1)/CO)O)O
BBNQQADTFFCFGB-UHFFFAOYSA-N,C1=CC=C2C(=C1)C(=O)C3=C(C2=O)C(=C(C=C3O)O)O
WDGFFVCWBZVLCE-UHFFFAOYSA-N,C1=CC2=CC(=C(C(=C2C(=O)C(=C1)O)O)O)O
RWCVSDKDFSVZNF-KRYGIPSASA-N,CC[C@]1(C[C@@H](C2=C(C3=C(C=C2[C@H]1C(=O)OC)C(=O)C4=C(C=CC(=C4C3=O)O)O)O)O)O
JJSVXWKQLGHFES-QGZYWIHFSA-N,CC1C(C(C(C(O1)O[C@H]2CC[C@@]3(C4[C@@H](C[C@@]5([C@H](CC[C@@]5(C4CC[C@@]3(C2)O)O)C6=CC(=O)OC6)C)OC(=O)C)C=O)O)OC)OC(=O)C
SEBFKMXJBCUCAI-ZSAXZHEQSA-N,COC1=C(C=CC(=C1)C2[C@H](OC3=C(O2)C=C(C=C3)[C@@H]4C(C(=O)C5=C(C=C(C=C5O4)O)O)O)CO)O
RPIVIODUUUOQDD-UHFFFAOYSA-N,CC(=O)OC1CCC23C4CCC5(C(CCC5(C4CCC2(C1)O)OC3=O)C6=CC(=O)OC6)C
CXFIQFGADOTDPF-XKZIYDEJSA-N,CC(=CCCC1(C=CC2=C(C3=C(C(=C2O1)CC=C(C)C)OC45C(C3=O)CC6CC4C(OC5(C6O)C/C=C(/C)\C(=O)O)(C)C)O)C)C
KMJPKUVSXFVQGZ-WQLSNUALSA-N,C1[C@H]([C@H](OC2=CC(=CC(=C21)O)O)C3=CC(=C(C4=C3C=C(C=C(C4=O)O)[C@@H]5[C@@H](CC6=C(C=C(C=C6O5)O)O)OC(=O)C7=CC(=C(C(=C7)O)O)O)O)O)O
JFJZZMVDLULRGK-URLMMPGGSA-O,CN1CCC2=CC(=C3C=C2[C@@H]1CC4=CC=C(C=C4)OC5=C6[C@@H](CC7=CC(=C(C=C7)O)O3)[N+](CCC6=CC(=C5O)OC)(C)C)OC
WCGUUGGRBIKTOS-GPOJBZKASA-N,C[C@@H]1CC[C@@]2(CC[C@@]3(C(=CC[C@H]4[C@]3(CC[C@@H]5[C@@]4(CC[C@@H](C5(C)C)O)C)C)[C@@H]2[C@H]1C)C)C(=O)O
RXPRRQLKFXBCSJ-GIVPXCGWSA-N,CC[C@@]12CCCN3[C@@H]1C4=C(CC3)C5=CC=CC=C5N4[C@](C2)(C(=O)OC)O
AOUYWWJPLUTFAB-NUIIJRBZSA-N,CC(=O)O[C@@H]1[C@H]2C(C(C([C@@]3([C@@]2(O[C@]14C3CC[C@@]5(C4=CC(=O)O[C@H]5C6=COC=C6)C)O)C)CC(=O)OC)(C)C)OC(=O)C
BBSPXZBAZKHYLF-HUBYRZTESA-N,C[C@@]12CCC3[C@]4([C@H](C[C@H](C(C4CC(=O)[C@]3(C15C(O5)C(=O)O[C@H]2C6=COC=C6)C)(C)C)O)O)C
OLBNOBQOQZRLMP-UHFFFAOYSA-N,COC1=CC(=O)C=C(C1=O)OC
CNSUXOYAIZBGRY-AJTZKIQZSA-N,C[C@@]12CCC3C(=C1CC(O[C@H]2C4=COC=C4)O)C[C@H]5[C@@H](C([C@@H]([C@@]3(C5=O)C)CC(=O)OC)(C)C)O
PDKGFQJSCXMICA-UHFFFAOYSA-N,CC(=O)OC1CC2C(C(CC(C2(C3C1(C45C(O4)C(=O)OC(C5(CC3)C)C6=COC=C6)C)C)OC(=O)C)O)(C)C
KXFFLWDYUNIJNU-YJYMSZOUSA-N,COC1=CC2=C(C=C1)[C@H]([C@@H](CO2)CC3=CC(=C(C=C3)OC)OC)O
HSHGZXNAXBPPDL-HZGVNTEJSA-N,CC(=O)OCC1=C(N2[C@@H]([C@@H](C2=O)[NH3+])SC1)C(=O)[O-]
URGZBBCARSDFSL-PTRNVCADSA-N,C[C@@]12CCC3[C@@]4([C@H](C(C5(C(C4=O)CC3(C1=CC(=O)O[C@H]2C6=COC=C6)O5)O)(C)C)CC(=O)OC)C
UKTUQKGXNWDYAI-JBRIXVCHSA-N,C[C@@]12CCC3[C@](C1=CC(=O)O[C@H]2C4=COC=C4)(C[C@H]5C(=O)C([C@@H](C3(C5=O)C)CC(=O)O)(C)C)O
AURFZBICLPNKBZ-UHFFFAOYSA-N,CC(=O)C1CCC2C1(CCC3C2CCC4C3(CCC(C4)O)C)C
AJTULIWKBMDPCJ-UHFFFAOYSA-N,CC(=O)OC1CC2(C(CC3C2(O3)C4(C1C5(C=CC(=O)C(C5=C(C4=O)O)(C)C)C)C)C6=COC=C6)C
DIAOGWYBBJCPAD-UHFFFAOYSA-N,CCC1=C(C2=CC3=C(C(=C2C=C1)O)C(=O)C4=C(C=CC(=C4C3=O)O)O)C(=O)OC
QRYRORQUOLYVBU-VBKZILBWSA-N,CC(C)C1=C(C(=C2C(=C1)CC[C@@H]3[C@@]2(CCCC3(C)C)C(=O)O)O)O
OQMUOVSEPOBWMK-UHFFFAOYSA-N,CC1(C(=O)C=CC2(C1=C(C(=O)C3(C2CCC4(C35C(O5)CC4C6=COC=C6)C)C)O)C)C
RTIXKCRFFJGDFG-UHFFFAOYSA-N,C1=CC=C(C=C1)C2=CC(=O)C3=C(C=C(C=C3O2)O)O
HCEYJYMNIQHPPK-DXTZDJJUSA-N,C[C@@]12CC[C@@H]3[C@]4(C=CC(=O)C([C@@H]4C[C@H]([C@]3([C@@]15[C@H](O5)C(=O)O[C@H]2C6=COC=C6)C)O)(C)C)C
ZZGVJHSBRGZEML-UHFFFAOYSA-N,CC(C)CCCC1(C=CC2=C(C3=C(C(=C2O1)CCC(C)C)OC45C(C3=O)CC6CC4C(OC5(C6O)CCC(C)C(=O)O)(C)C)O)C
WZAUFGYINZYCKH-JJWQIEBTSA-N,CC1=C2CC=C3[C@](C2=CC(=C1O)O)(CC[C@@]4([C@@]3(CC[C@@]5([C@H]4C[C@](CC5)(C)C(=O)O)C)C)C)C
SAOOBRUHTPONGX-UANCAJPASA-N,CC1=C2CC=C3[C@](C2=CC(=C1OC(=O)C)OC(=O)C)(CC[C@@]4([C@@]3(CC[C@@]5(C4C[C@](CC5)(C)C(=O)O)C)C)C)C
BSXFDHHTXOAUGB-UHFFFAOYSA-N,COC1=CC=C(C=C1)C2=COC3=C(C(=C(C=C3C2=O)OC)O)O
VCCRNZQBSJXYJD-UHFFFAOYSA-N,C1=CC=C(C=C1)C2=C(C(=O)C3=C(C=C(C=C3O2)O)O)O
VDSCKSOYNLTQSY-VGJPRPLGSA-N,CC(=CCCC1(C=CC2=C(C3=C(C(=C2O1)CC=C(C)C)OC45C(CCC=C4C3=O)C(O[C@@]5(C/C=C(\C)/C(=O)O)C(=O)O)(C)C)O)C)C
HUXJGSHUVDWZAM-UHFFFAOYSA-N,CCOC(=O)C1=C(C(=C(C=C1C)O)C=O)O
MXYUKLILVYORSK-HBMCJLEFSA-N,CN1[C@@H](CCC[C@@H]1CC(=O)C2=CC=CC=C2)C[C@@H](C3=CC=CC=C3)O
YIWJEBPTHXRHQF-LLMLIWGDSA-N,C1CCNC(=O)/C=C/[C@]23CCC(=O)C[C@H]2OC4=C3C=C(C=C4)/C=C/C(=O)NCCCNC1
MQYXUWHLBZFQQO-QGTGJCAVSA-N,CC(=C)[C@@H]1CC[C@]2([C@H]1[C@H]3CC[C@@H]4[C@]5(CC[C@@H](C([C@@H]5CC[C@]4([C@@]3(CC2)C)C)(C)C)O)C)C
XQOSNJUURCKQGN-AXSGJTORSA-N,CC1=C2C(C(=O)OC3[C@@]2(C(CC1)[C@]4(C=CC(=O)C(C4C3)(C)C)C)C)O
CBSOFSBFHDQRLV-UHFFFAOYSA-N,C[NH2+]CC1=CC=CC=C1.[Cl-]
IEVVSJFLBYOUCJ-UHFFFAOYSA-N,CC1=CC(=C(C2=C1C(=O)OC3=C(O2)C4=C(C(=C3C)O)C(=O)OC4O)C=O)O
MIJYXULNPSFWEK-GTOFXWBISA-N,C[C@]12CC[C@@H](C([C@@H]1CC[C@@]3([C@@H]2CC=C4[C@]3(CC[C@@]5([C@H]4CC(CC5)(C)C)C(=O)O)C)C)(C)C)O
DCTLJGWMHPGCOS-UHFFFAOYSA-N,CC(=CCC1=C2C(=C3C(=C1O)C(=O)C(=CO3)C4=CC=C(C=C4)O)C=CC(O2)(C)C)C
RYEFFICCPKWYML-QCGISDTRSA-N,C[C@@]12[C@H]3[C@H]4[C@H]([C@@H]([C@@]1(C[C@@H]5[C@]2(O5)C(=O)O3)O)C(=O)O4)C(C)(C)O
SASVNKPCTLROPQ-NZYDNVMFSA-N,CC(=O)O[C@@H]1[C@H]2COC(=O)[C@@H]2[C@@H](C3=CC4=C(C=C13)OCO4)C5=CC(=C(C(=C5)OC)OC)OC
RFUVOURUUJLQSB-QFFMKFBWSA-N,CC(C)C1=C(C(=CC2=C1CCC3[C@@]2(CCCC3(C)C)C)C4=CC5=C(CCC6[C@@]5(CCCC6(C)C)C)C(=C4O)C(C)C)O
AWEFUQDNSBBNCR-UHFFFAOYSA-N,CC(=CCOC1=C(C=C2C=CC(=O)OC2=C1)O)C
IUIHYYSAVUBPQO-UHFFFAOYSA-N,CC1=CCC2=C(C=C3C(=C2O)C(=O)C=C(O3)C)OC1
ILRCGYURZSFMEG-RKQHYHRCSA-N,C1=CC(=CC=C1CCO[C@H]2[C@@H]([C@H]([C@@H]([C@H](O2)CO)O)O)O)O
JXOHGGNKMLTUBP-HSUXUTPPSA-N,C1[C@H]([C@@H]([C@@H](C=C1C(=O)O)O)O)O
GMBQZIIUCVWOCD-MFRNJXNGSA-N,C[C@@H]1CC[C@@]2([C@H]([C@H]3[C@@H](O2)C[C@@H]4[C@@]3(CC[C@H]5[C@H]4CC[C@@H]6[C@@]5(CC[C@@H](C6)O)C)C)C)OC1
ZRVDANDJSTYELM-FXAWDEMLSA-N,CC(C)C1=C(C=CC2=C1CC[C@@H]3[C@@]2(CCCC3(C)C)C)O
VEJJMTHWRMKGKN-SJRAPUSDSA-N,CC(C)C1=C(C=CC2=C1CCC3[C@@]2(CCC[C@]3(C)C(=O)OC)C)O
UIUKQADPLSFRBN-NIJWRPTQSA-N,C[C@@]12CCC3[C@](C14C(O4)C(=O)O[C@H]2C5=COC=C5)([C@@H](CC6[C@@]3([C@@H]7[C@@H](O7)C(=O)C6(C)C)C)O)C
OCHPVPSALUKLOM-UHFFFAOYSA-N,COC1=C(C=C2C(=C1)C3(C(CO2)OC4=C(C3=O)C=CC(=C4C(=O)O)O)O)OC
YYQLEVUVEAKBKB-UHFFFAOYSA-N,COC1=C(C(=C(C=C1)C(=O)C2=CC=C(C=C2)O)O)O
SYDNPHFWTKACIZ-QXUFBKIYSA-N,C1=CC=C(C=C1)/C=C/C(=O)C2=C(C=C(C=C2)O[C@H]3[C@@H]([C@H]([C@@H]([C@H](O3)CO)O)O)O)O
MVNJNWNFUCRWBW-NFAWXSAZSA-N,C[C@]12CC[C@H](C[C@H]1CCC3=CC=CC=C23)O
WJHQHAFOOMOTBJ-MSHADUKESA-N,C[C@@]12CCC3C(=C1C=C(O[C@H]2C4=COC=C4)OC)C[C@H]5[C@@H](C([C@@H]([C@@]3(C5=O)C)CC(=O)OC)(C)C)O
LPYUENQFPVNPHY-UHFFFAOYSA-N,COC1=CC=CC(=C1O)O
GKSGTWUNURZTKD-UHFFFAOYSA-N,CC(=O)C1=C(C=C(C=C1O)OC)O
MRMHZWKIOFZZID-WNXWNNQMSA-N,CC(=O)O[C@H]1C[C@H](C(C2[C@]1(C3CC[C@]4([C@@H](OC(=O)[C@@H]5[C@@]4([C@@]3([C@@H](C2)O)C)O5)C6=COC=C6)C)C)(C)C)OC(=O)C
XHCADAYNFIFUHF-TVKJYDDYSA-N,C1=CC(=O)OC2=CC(=C(C=C21)O[C@H]3[C@@H]([C@H]([C@@H]([C@H](O3)CO)O)O)O)O
CJDRUOGAGYHKKD-RQBLFBSQSA-N,CC[C@H]1[C@@H]2C[C@H]3[C@H]4[C@@]5(C[C@@H]([C@H]2[C@H]5O)N3[C@@H]1O)C6=CC=CC=C6N4C
IVHWWYNBMIROCV-AJIQNVKKSA-N,CC(=O)O[C@@H]1CC2[C@](CC[C@H](C2(C)C)O)(C3[C@@]1(C45C(O4)C(=O)O[C@H]([C@@]5(CC3)C)C6=COC=C6)C)C
WTQYWNWRJNXDEG-AQBKWJQSSA-N,CN1[C@H]2C[C@H](CC1C[C@@H]2O)OC(=O)[C@H](CO)C3=CC=CC=C3
IAJBQAYHSQIQRE-UHFFFAOYSA-N,COC1=CC(=C(C=C1C=O)OC)OC
FXNFHKRTJBSTCS-UHFFFAOYSA-N,C1=CC=C(C=C1)C2=CC(=O)C3=C(O2)C=C(C(=C3O)O)O
YWJXCIXBAKGUKZ-HJJNZUOJSA-N,COC1=C(C=C2C(=C1O)[C@H]3[C@@H]([C@H]([C@@H]([C@H](O3)CO)O)O)OC2=O)O
WUADCCWRTIWANL-UHFFFAOYSA-N,COC1=CC=C(C=C1)C2=COC3=CC(=CC(=C3C2=O)O)O
HLBPOYVRLSXWJJ-PDSMFRHLSA-N,COC1=CC(=CC(=C1OC)OC)[C@H]2[C@@H]3[C@@H](CC4=C(C5=C(C=C24)OCO5)O)COC3=O
VSJKWCGYPAHWDS-FQEVSTJZSA-N,CC[C@@]1(C2=C(COC1=O)C(=O)N3CC4=CC5=CC=CC=C5N=C4C3=C2)O
AFSDNFLWKVMVRB-UHFFFAOYSA-N,C1=C2C3=C(C(=C1O)O)OC(=O)C4=CC(=C(C(=C43)OC2=O)O)O
MPDGHEJMBKOTSU-YKLVYJNSSA-N,C[C@]12CC[C@](C[C@H]1C3=CC(=O)[C@@H]4[C@]5(CC[C@@H](C([C@@H]5CC[C@]4([C@@]3(CC2)C)C)(C)C)O)C)(C)C(=O)O
VOXZDWNPVJITMN-ZBRFXRBCSA-N,C[C@]12CC[C@H]3[C@H]([C@@H]1CC[C@@H]2O)CCC4=C3C=CC(=C4)O
KSEBMYQBYZTDHS-HWKANZROSA-N,COC1=C(C=CC(=C1)/C=C/C(=O)O)O
QBKSWRVVCFFDOT-UHFFFAOYSA-N,CC1=CC2=C(C(=C(C(=C2C(C)C)O)O)C=O)C(=C1C3=C(C4=C(C=C3C)C(=C(C(=C4C=O)O)O)C(C)C)O)O
YIQRSAKVWZVLDN-QZTNRIJFSA-N,C[C@@H]1CC(=O)CC(=O)[C@]12C(=O)C3=C(O2)C(=C(C=C3OC)OC)Cl
BXNJHAXVSOCGBA-UHFFFAOYSA-N,CC1=NC=CC2=C1NC3=C2C=CC(=C3)OC
QOLRLLFJMZLYQJ-LOBDNJQFSA-N,C[C@@H]1CC[C@@]2([C@H]([C@H]3[C@@H](O2)C[C@@H]4[C@@]3(C(=O)C[C@H]5[C@H]4CC[C@@H]6[C@@]5(CC[C@@H](C6)O)C)C)C)OC1
KVNRDSLYCOJCRD-UHFFFAOYSA-N,CC1=CC(=O)C2=C(O1)C(=C(C=C2O)OC)CC=C(C)C
DGABKXLVXPYZII-SIBKNCMHSA-N,C[C@H](CCC(=O)O)[C@H]1CC[C@@H]2[C@@]1(CC[C@H]3[C@H]2C[C@@H]([C@H]4[C@@]3(CC[C@H](C4)O)C)O)C
KQPYUDDGWXQXHS-UHFFFAOYSA-N,C1=CC2=C(C(=O)C=CC2=O)C(=C1)O
SMOFGXHPWCTYQD-UHFFFAOYSA-N,COC1=C(C(=C(C=C1)C2=COC3=C(C2=O)C=CC(=C3)O)O)O
CWPGNVFCJOPXFB-UHFFFAOYSA-N,CC(=CCC1=C(C2=CC=CC=C2C(=O)C1=O)O)C
SMEROWZSTRWXGI-HVATVPOCSA-N,C[C@H](CCC(=O)O)[C@H]1CC[C@@H]2[C@@]1(CC[C@H]3[C@H]2CC[C@H]4[C@@]3(CC[C@H](C4)O)C)C
ZHUOOEGSSFNTNP-JMKDMENQSA-N,C[C@H](CCC(=O)OC)[C@H]1CC[C@@H]2[C@@]1([C@H](C[C@H]3[C@H]2CC[C@H]4[C@@]3(CC[C@H](C4)O)C)O)C
PXQPEWDEAKTCGB-UHFFFAOYSA-N,C1=C(NC(=O)NC1=O)C(=O)O
ZRWPUFFVAOMMNM-UHFFFAOYSA-N,C1C=C2C(=CC(=O)O2)C(O1)O
DUXQKCCELUKXOE-UHFFFAOYSA-N,CC1C(C(C(C(O1)OCC2C(C(C(C(O2)OC3=C(C(=C4C(=C3)OC(=CC4=O)C5=CC=C(C=C5)OC)O)OC)O)O)O)O)O)O
ODJLBQGVINUMMR-HZXDTFASSA-N,C[C@]12CC[C@H]3[C@H]([C@]1(CC[C@@H]2C4=CC(=O)OC4)O)CC[C@]5([C@@]3(CC[C@@H](C5)O)C=O)O
FBZONXHGGPHHIY-UHFFFAOYSA-N,C1=CC2=C(C(=C1)O)NC(=CC2=O)C(=O)O
BSZLLSHGSWKZRE-IYLQSFRJSA-N,C[C@@]12CCC3[C@@]4(C(CC(=O)[C@]3([C@@]15[C@H](O5)C(=O)O[C@H]2C6=COC=C6)C)C([C@@H](CC4=O)O)(C)C)C
NTAHJPYHXKMYBL-UHFFFAOYSA-N,CCOC1=CC=C(C=C1)C(=O)C2=C(C(=C(C=C2)OC)O)O
YPIDZFLQKNEKRA-UHFFFAOYSA-N,CC1=C(C=C(C=C1O)OC)O
AJNMXMZCRHTBEH-UHFFFAOYSA-N,CC1=C(C2=CC=CC=C2N1)CN(C)C
VHNLJRRECIZZPX-UHFFFAOYSA-N,CC1=CC(=C(C(=C1C(=O)O)O)C)O
CCOJFDRSZSSKOG-SNVBAGLBSA-N,C[C@H](C1=CC=C(C=C1)OC)C(=O)C2=C(C=C(C=C2)O)O
KVQVEJPIQHNLTM-UHFFFAOYSA-N,COC1=CC2=C(C=C1)C(=O)C(=CO2)CC(=O)O
VTCDZPUMZAZMSB-UHFFFAOYSA-N,COC1=CC(=CC(=C1OC)OC)O
OYRKSWWBFPVHGY-UHFFFAOYSA-N,COC1=C(C=C2C(=C1)C3=C(CO2)OC4=CC(=CC(=C4C3=O)O)O)OC
UWHUTZOCTZJUKC-UHFFFAOYSA-N,C1C2=CC(=C(C=C2C3C1(COC4=C3C=CC(=C4)O)O)O)O
AKKQGFKWEDCWJK-UHFFFAOYSA-N,CC(C)C1=CC2=C(C=C1)C3(CCCC(C3CC2)(C)C(=O)N)C
OFAYBXSZQCUARK-UHFFFAOYSA-N,COC1=CC2=C(C=C1)C(=O)C(CO2)CC3=CC(=C(C=C3)O)OC
WQLVFSAGQJTQCK-VKROHFNGSA-N,C[C@@H]1CC[C@@]2([C@H]([C@H]3[C@@H](O2)C[C@@H]4[C@@]3(CC[C@H]5[C@H]4CC=C6[C@@]5(CC[C@@H](C6)O)C)C)C)OC1
QVVPJFBYFYYVDM-LLVKDONJSA-N,COC1=C(C(=C(C=C1)[C@@H]2CC3=C(C(=C(C=C3)O)OC)OC2)OC)O
RSYUFYQTACJFML-UKRRQHHQSA-N,C1[C@H]([C@H](OC2=CC(=CC(=C21)O)O)C3=CC=C(C=C3)O)O
NMLBREXWQRPOJH-CRAIPNDOSA-N,COC1=CC=C(C=C1)[C@@H]2[C@@H](CC3=C(O2)C=C(C=C3OC)OC)O
OPUFDNZTKHPZHM-UHFFFAOYSA-N,CC(=C)C1=CC2=CC(=C(C=C2O1)O)C(=O)C
VEGGRTFDFMUBPD-ONEGZZNKSA-N,CC1=CC(=C(C2=C1C(=O)OC3=C(O2)C(=C(C(=C3COC(=O)/C=C/C(=O)O)O)C(=O)O)C)C=O)O
RPHAAJGBADUATP-UHFFFAOYSA-N,CC1=C2C(=C(C(=C1Cl)O)Cl)OC3=C(C(=C(C=C3OC2=O)OC)C(=O)OC)C
ANNNOIZFDGPVNC-UHFFFAOYSA-N,CC(=O)OC1CCC2(C(C1)CCC3C2CCC4(C3(CC(C4C5=CC(=O)OC5)OC(=O)C)O)C)C
OCDGBSUVYYVKQZ-UHFFFAOYSA-N,CN(C)CC1=CNC2=CC=CC=C21
WZUVPPKBWHMQCE-XJKSGUPXSA-N,C1C2=CC(=C(C=C2[C@H]3[C@@]1(COC4=C3C=CC(=C4O)O)O)O)O
ASTPOGDWGNJVEW-UHFFFAOYSA-N,COC1=C(C=C(C=C1O)O)O
LNQCUTNLHUQZLR-OZJWLQQPSA-N,COC1=CC(=CC(=C1OC)O)C2=COC3=CC(=C(C(=C3C2=O)O)OC)O[C@H]4[C@@H]([C@H]([C@@H]([C@H](O4)CO)O)O)O
WSKWDXWDFFVUKX-UHFFFAOYSA-N,COC1=CC(=CC(=C1OC)O)C2=COC3=CC(=C(C(=C3C2=O)O)OC)OCC4=CC=CC=C4
BSFUDCIRZBAPDS-UHFFFAOYSA-N,CC1(CC2C1CCC(=C)C(CCC2=O)O)C
WVKDAMAQNQRJFP-UHFFFAOYSA-N,COC1=CC=C(C=C1)C2=COC3=C(C2=O)C(=CC(=C3OC)OC)O
JAYAGJDXJIDEKI-PTGWOZRBSA-N,C[C@@H]1[C@H]([C@H](C[C@@H](O1)O[C@H]2CC[C@]3([C@@H](C2)CC[C@@H]4[C@@H]3C[C@H]([C@]5([C@@]4(CC[C@@H]5C6=CC(=O)OC6)O)C)O)C)O)O[C@H]7C[C@@H]([C@@H]([C@H](O7)C)O[C@H]8C[C@@H]([C@@H]([C@H](O8)C)O[C@H]9[C@@H]([C@H]([C@@H]([C@H](O9)CO)O)O)O)OC(=O)C)O
HEMSJKZDHNSSEW-UHFFFAOYSA-N,CC1=CC(=CC(=C1C(=O)OC2=CC(=C(C(=C2)C)C(=O)O)O)O)O
WTDRDQBEARUVNC-LURJTMIESA-N,C1=CC(=C(C=C1C[C@@H](C(=O)[O-])[NH3+])O)O
AAOFJKLTRKOQTQ-UHFFFAOYSA-N,CC1=C(C(=C(C=C1OC)OC)C(=O)C)O
KJTDZAHLWHEULN-UHFFFAOYSA-N,CC1(C=CC2=C(O1)C=CC(=C2OC)C3=COC4=C(C3=O)C=C5CC(C(OC5=C4)(C)C)O)C
LUZUAYAKZLCOCQ-BHHNFLQBSA-N,COC\1=CC(=O)C(=C/C1=C\C=C\C2=CC=CC=C2)O
AMKYESDOVDKZKV-UHFFFAOYSA-N,CC1=CC(=CC(=C1C(=O)O)O)O
TUODPMGCCJSJRH-UHFFFAOYSA-N,C1=CC(=CC=C1CC(C(C(=O)O)O)(C(=O)O)O)O
VCNDHJFYRZQMHX-KPKJPENVSA-N,COC1=CC2=C(C=C1)C(=O)/C(=C/C3=CC(=C(C=C3)OC)O)/CO2
SKCUFZLDTAYNBZ-UHFFFAOYSA-N,CC1=CC(=C(C2=C1C(=O)OC3=C(O2)C4=C(C(=C3C)O)C(=O)OC4O)C=O)OC
IPMYMEWFZKHGAX-UHFFFAOYSA-N,C1C(C(OC2=CC(=CC(=C21)O)O)C3=CC4=C(C(=C(C=C4C5C(CC6=C(C=C(C=C6O5)O)O)O)O)O)C(=O)C(=C3)O)O
OMZRMXULWNMRAE-BMRADRMJSA-N,COC(=O)/C(=C/1\C(=C(C(=O)O1)C2=CC=CC=C2)O)/C3=CC=CC=C3
YUULFXAQUWEYNP-GXAWFILRSA-N,C1[C@H]([C@H](OC2=CC(=CC(=C21)O)O)C3=CC(=C(C(=C3C4=C(C(=C(C=C4[C@@H]5[C@@H](CC6=C(C=C(C=C6O5)O)O)OC(=O)C7=CC(=C(C(=C7)O)O)O)O)O)O)O)O)O)OC(=O)C8=CC(=C(C(=C8)O)O)O
CJFQIVAOBBTJCI-UHFFFAOYSA-N,COC1=C(C(=C(C=C1)C(=O)O)O)OC
FJIIOEQLAAKWEL-VISHRWGOSA-N,CC(=O)O[C@@H]1CC2C([C@H](CCC2(C3C1(C4=CC(=O)O[C@H]([C@@]4(CC3)C)C5=COC=C5)C)C)O)(C)C
KVOJTUXGYQVLAJ-UHFFFAOYSA-N,CC1=CC(=O)OC2=CC(=C(C=C12)O)O
FFULTBKXWHYHFQ-UHFFFAOYSA-N,C1=CC(=CC=C1C2=CC(=O)C3=C(O2)C=CC(=C3)O)O
DANYIYRPLHHOCZ-UHFFFAOYSA-N,COC1=CC=C(C=C1)C2=CC(=O)C3=C(C=C(C=C3O2)O)O
YBNXVKHEQXZPFB-XMMWENQYSA-M,CC(=CCCC(=CCN1C=[N+](C2=NC=NC(=C21)N)C)C)CCC3C(=C)CCCC3(C)C
MTXSIJUGVMTTMU-UHFFFAOYSA-N,C1CCNC(C1)C2=CN=CC=C2
NTDLXWMIWOECHG-UHFFFAOYSA-N,C1C(C(C(O1)OC2C(C(C(OC2OC3=CC(=C4C(=C3)OC(=CC4=O)C5=CC=C(C=C5)O)O)CO)O)O)O)(CO)O
BJRNKVDFDLYUGJ-RMPHRYRLSA-N,C1=CC(=CC=C1O)O[C@H]2[C@@H]([C@H]([C@@H]([C@H](O2)CO)O)O)O
RAFGELQLHMBRHD-UHFFFAOYSA-N,CC(=CC=CC=C(C)C=CC=C(C)C=CC(=O)OC)C=CC=C(C)C=CC(=O)O
LHYHMMRYTDARSZ-UHFFFAOYSA-N,CC1=CC2C(CCC(C2CC1)(C)O)C(C)C
HIPIENNKVJCMAP-UHFFFAOYSA-N,CC(=CC1C(C1(C)C)CO)C
ZZBWSNKBZKPGAK-UHFFFAOYSA-N,CC1=CC2=C(C(=C1)O)C(=O)C3=C(C2)C=CC=C3O
HJESSLHNQMBHEX-LSIGHCQTSA-N,CC(=O)O[C@H]1C[C@H](C(C2[C@]1(C3CC[C@]4([C@@H](OC(=O)C5C4([C@@]3([C@@H](C2)O)C)O5)C(=O)OC)C)C)(C)C)OC(=O)C
PFTAWBLQPZVEMU-UKRRQHHQSA-N,C1[C@H]([C@H](OC2=CC(=CC(=C21)O)O)C3=CC(=C(C=C3)O)O)O
LSHVYAFMTMFKBA-TZIWHRDSSA-N,C1[C@H]([C@H](OC2=CC(=CC(=C21)O)O)C3=CC(=C(C=C3)O)O)OC(=O)C4=CC(=C(C(=C4)O)O)O
WMBWREPUVVBILR-WIYYLYMNSA-N,C1[C@H]([C@H](OC2=CC(=CC(=C21)O)O)C3=CC(=C(C(=C3)O)O)O)OC(=O)C4=CC(=C(C(=C4)O)O)O
PROQIPRRNZUXQM-ZXXIGWHRSA-N,C[C@]12CC[C@H]3[C@H]([C@@H]1C[C@H]([C@@H]2O)O)CCC4=C3C=CC(=C4)O
QUCZMUVAQHIOID-UHFFFAOYSA-N,CC1=CC(=CC(=C1C(=O)O)O)OC
IYGKIJUHLXBVCF-AJIQNVKKSA-N,CC(=O)O[C@@H]1CC2[C@](C=C[C@H](C2(C)C)O)(C3[C@@]1(C45C(O4)C(=O)O[C@H]([C@@]5(CC3)C)C6=COC=C6)C)C
TZBJGXHYKVUXJN-UHFFFAOYSA-N,C1=CC(=CC=C1C2=COC3=CC(=CC(=C3C2=O)O)O)O
IXORZMNAPKEEDV-OBDJNFEBSA-N,C[C@@]12[C@H](C=C[C@@]3([C@@H]1[C@@H]([C@]45[C@H]3CC[C@](C4)(C(=C)C5)O)C(=O)O)OC2=O)O
KCOOTJRKKIDHTM-UHFFFAOYSA-N,CC1=CC(=C(C(=C1C(=O)O)O)C=O)O
FEIQOMCWGDNMHM-KBXRYBNXSA-N,C1=CC=C(C=C1)/C=C/C=C/C(=O)O
XPCTZQVDEJYUGT-UHFFFAOYSA-N,CC1=C(C(=O)C=CO1)O
CLGDBTZPPRVUII-UHFFFAOYSA-N,CC1(CCCC2(C1C(CC(=C)C2CCC(C)(C=C)O)O)C)C
RCLFRVZNHRFQGE-UHFFFAOYSA-N,CC1=C2C(=C(C(=C1Cl)O)Cl)OC3=C(C(=C(C(=C3C)C(=O)OC)O)C)OC2=O
DRLFMBDRBRZALE-UHFFFAOYSA-N,CC(=O)NCCC1=CNC2=C1C=C(C=C2)OC
AJLFOPYRIVGYMJ-INTXDZFKSA-N,CC[C@H](C)C(=O)O[C@H]1CCC=C2[C@H]1[C@H]([C@H](C=C2)C)CC[C@@H]3C[C@H](CC(=O)O3)O
WVMBPWMAQDVZCM-UHFFFAOYSA-N,CNC1=CC=CC=C1C(=O)O
UILPJVPSNHJFIK-UHFFFAOYSA-N,CC(=O)C1=C(C=C(C=C1)OC)O
XLEYFDVVXLMULC-UHFFFAOYSA-N,CC(=O)C1=C(C=C(C=C1O)O)O
VGEREEWJJVICBM-UHFFFAOYSA-N,C1=CC(=CC=C1CCC(=O)C2=C(C=C(C=C2O)O)O)O
IOUVKUPGCMBWBT-QNDFHXLGSA-N,C1=CC(=CC=C1CCC(=O)C2=C(C=C(C=C2O[C@H]3[C@@H]([C@H]([C@@H]([C@H](O3)CO)O)O)O)O)O)O
REFJWTPEDVJJIY-UHFFFAOYSA-N,C1=CC(=C(C=C1C2=C(C(=O)C3=C(C=C(C=C3O2)O)O)O)O)O
OXGUCUVFOIWWQJ-HQBVPOQASA-N,C[C@H]1[C@@H]([C@H]([C@H]([C@@H](O1)OC2=C(OC3=CC(=CC(=C3C2=O)O)O)C4=CC(=C(C=C4)O)O)O)O)O
XDYGCIOWNPNVIH-UHFFFAOYSA-N,CC1=CC(=O)C2C(CCCC2(C1(CCC3=COC=C3)O)C)(C)C
KXFFLWDYUNIJNU-BFUOFWGJSA-N,COC1=CC2=C(C=C1)[C@@H]([C@@H](CO2)CC3=CC(=C(C=C3)OC)OC)O
MPDGHEJMBKOTSU-PMTKVOBESA-N,C[C@]12CC[C@](C[C@@H]1C3=CC(=O)[C@@H]4[C@]5(CC[C@@H](C([C@@H]5CC[C@]4([C@@]3(CC2)C)C)(C)C)O)C)(C)C(=O)O
GIPLQLQEWXCSIX-UHFFFAOYSA-N,CCOC1=CC=CC(=C1)C(=O)C2=C(C(=C(C=C2)O)O)O
HVQAJTFOCKOKIN-UHFFFAOYSA-N,C1=CC=C(C=C1)C2=C(C(=O)C3=CC=CC=C3O2)O
NSYSSMYQPLSPOD-UHFFFAOYSA-N,CC1=CC(=CC(=O)O1)O
NWQBYMPNIJXFNQ-UHFFFAOYSA-N,CC1=CC(=O)OC2=C1C=CC(=C2O)O
NUGPQONICGTVNA-UHFFFAOYSA-N,C1=CC=C(C(=C1)C2=CC(=O)C3=C(O2)C=C(C=C3)O)O
OJOBTAOGJIWAGB-UHFFFAOYSA-N,CC(=O)C1=CC(=C(C(=C1)OC)O)OC
AFHJQYHRLPMKHU-WEZNYRQKSA-N,C1=CC2=C(C(=C1)O)C(=O)C3=C([C@@H]2[C@H]4[C@@H]([C@H]([C@@H]([C@H](O4)CO)O)O)O)C=C(C=C3O)CO
DFOCUWZXJBAUSQ-UHFFFAOYSA-N,CN1CCC2=CC(=C3C=C2C1CC4=CC=C(C=C4)OC5=C(C=CC(=C5)CC6C7=C(O3)C(=C(C=C7CCN6C)OC)OC)O)OC
BPYKTIZUTYGOLE-IFADSCNNSA-N,CC1=C(NC(=C1CCC(=O)O)CC2=C(C(=C(N2)/C=C\3/C(=C(C(=O)N3)C)C=C)C)CCC(=O)O)/C=C\4/C(=C(C(=O)N4)C=C)C
LZJRNLRASBVRRX-ZDUSSCGKSA-N,CN1CCC2=CC(=C(C3=C2[C@@H]1CC4=CC(=C(C=C43)OC)O)OC)O
DGQLVPJVXFOQEV-JNVSTXMASA-N,CC1=C2C(=CC(=C1C(=O)O)O)C(=O)C3=C(C2=O)C(=C(C(=C3O)O)[C@H]4[C@@H]([C@H]([C@@H]([C@H](O4)CO)O)O)O)O
GKPNPQODFXMCGO-IFXJQAMLSA-N,COC1=C(C=C(C=C1)[C@@H]2[C@H](CC3=C(O2)C=C(C=C3OC)OC)O)OC
KGXLWYQCBAUILI-NBHKXLOCSA-N,CC(CCC(=O)O)[C@H]1CCC2[C@@]1(C=CC3C2CC[C@H]4[C@@]3(CCC(=O)C4)C)C
DLYVTEULDNMQAR-SRNOMOOLSA-N,C[C@H](CCC(=O)OC)[C@H]1CC[C@@H]2[C@@]1([C@H](C[C@H]3[C@H]2[C@@H](C[C@H]4[C@@]3(CC[C@H](C4)O)C)O)O)C
BLGXFZZNTVWLAY-DKJBZYCGSA-N,COC(=O)[C@@H]1[C@H](CC[C@@H]2[C@@H]1C[C@H]3C4=C(CCN3C2)C5=CC=CC=C5N4)O
ANJTVLIZGCUXLD-UHFFFAOYSA-N,C1C2CNCC1C3=CC=CC(=O)N3C2
DLCVFIMWFKVRTM-UHFFFAOYSA-N,COC1=CC(=O)C(=CC1=O)C(C=C)C2=CC=C(C=C2)O
IERFAZQCIAZODG-WFAGLZIHSA-N,C[C@@]1(CCC[C@]2(C1CCC(=C)C2CC[C@@](C)(C=C)O)C)CO
ILEDWLMCKZNDJK-UHFFFAOYSA-N,C1=CC(=O)OC2=CC(=C(C=C21)O)O
XHEFDIBZLJXQHF-UHFFFAOYSA-N,C1=CC(=C(C=C1C2=C(C(=O)C3=C(O2)C=C(C=C3)O)O)O)O
FPUXKXIZEIDQKW-UHFFFAOYSA-N,CC1C(=O)OC2C1(C34C(=O)OC5C3(C2)C6(C(C5)C(C)(C)C)C(C(=O)OC6O4)O)O
RERZNCLIYCABFS-UHFFFAOYSA-N,CC1=NCCC2=C1NC3=C2C=CC(=C3)OC
PSFDQSOCUJVVGF-UHFFFAOYSA-N,CC1=NC=CC2=C1NC3=CC=CC=C23
LBBJNGFCXDOYMQ-UHFFFAOYSA-N,CC1=C2C(=C3C=CC(=O)C=C3N2)C=CN1
HNNSUZPWERIYIL-UHFFFAOYSA-N,C1C2=CC(=C(C=C2C3=C4C=CC(=O)C(=C4OCC31O)O)O)O
AIONOLUJZLIMTK-AWEZNQCLSA-N,COC1=C(C=C(C=C1)[C@@H]2CC(=O)C3=C(C=C(C=C3O2)O)O)O
QUQPHWDTPGMPEX-QJBIFVCTSA-N,C[C@H]1[C@@H]([C@H]([C@H]([C@@H](O1)OC[C@@H]2[C@H]([C@@H]([C@H]([C@@H](O2)OC3=CC(=C4C(=O)C[C@H](OC4=C3)C5=CC(=C(C=C5)OC)O)O)O)O)O)O)O)O
QANMHLXAZMSUEX-UHFFFAOYSA-N,C1=COC(=C1)CNC2=NC=NC3=C2NC=N3
CDOSHBSSFJOMGT-UHFFFAOYSA-N,CC(=CCCC(C)(C=C)O)C
MQZIGYBFDRPAKN-GNBIBNSWSA-N,CC1=C(C(C[C@H](C1=O)O)(C)C)/C=C/C(=C/C=C/C(=C/C=C/C=C(/C=C/C=C(/C=C/C2=C(C(=O)[C@H](CC2(C)C)O)C)\C)\C)/C)/C
QVCMHGGNRFRMAD-XFGHUUIASA-N,C[C@H]1C(=O)O[C@@H]2CCN3[C@@H]2C(=CC3)COC(=O)[C@]([C@]1(C)O)(C)O
FTVWIRXFELQLPI-UHFFFAOYSA-N,C1C(OC2=CC(=CC(=C2C1=O)O)O)C3=CC=C(C=C3)O
DFPMSGMNTNDNHN-ZPHOTFPESA-N,C[C@H]1[C@@H]([C@H]([C@H]([C@@H](O1)O[C@@H]2[C@H]([C@@H]([C@H](O[C@H]2OC3=CC(=C4C(=O)C[C@H](OC4=C3)C5=CC=C(C=C5)O)O)CO)O)O)O)O)O
KTEXNACQROZXEV-UHFFFAOYSA-N,CC1=CCCC2(C(O2)C3C(CC1)C(=C)C(=O)O3)C
PIMZUZSSNYHVCU-UHFFFAOYSA-N,CC(=C)C1C2C3C4(C(C1C(=O)O2)(CC5C4(O5)C(=O)O3)O)C
VDVJGIYXDVPQLP-UHFFFAOYSA-N,C1OC2=C(O1)C=C(C=C2)C(=O)O
IYBLVRRCNVHZQJ-UHFFFAOYSA-N,C1=CC=C(C=C1)C2=CC(=O)C3=C(C=CC=C3O2)O
RODXRVNMMDRFIK-UHFFFAOYSA-N,COC1=C(C=C2C(=C1)C=CC(=O)O2)O
QELDJEKNFOQJOY-ZDUSSCGKSA-N,CN1CCC2=CC(=C(C3=C2[C@@H]1CC4=C3C(=C(C=C4)OC)O)OC)OC
YTPRLBGPGZHUPD-ZETCQYMHSA-N,C[C@H]1C2=CC(=C(C=C2CCN1)O)OC
HAWSQZCWOQZXHI-FQEVSTJZSA-N,CC[C@@]1(C2=C(COC1=O)C(=O)N3CC4=C(C3=C2)N=C5C=CC(=CC5=C4)O)O
BXXKRESPUSMTEI-FNORWQNLSA-N,COC1=CC(=C(C(=C1)OC)C(=O)/C=C/C2=CC(=C(C=C2)O)OC)O
JUMSUVHHUVPSOY-RMKNXTFCSA-N,C1=CC=C(C=C1)/C=C/C(=O)C2=C(C=C(C=C2)O)O
MDJRZSNPHZEMJH-MTMZYOSNSA-N,CC(=O)OCC(=O)[C@H]1CC[C@@H]2[C@@]1(CC[C@H]3[C@H]2CC=C4[C@@]3(CC[C@@H](C4)O)C)C
HJBWJAPEBGSQPR-GQCTYLIASA-N,COC1=C(C=C(C=C1)/C=C/C(=O)O)OC
UWQJWDYDYIJWKY-UHFFFAOYSA-N,C1=CC=C(C=C1)C2=C(C(=O)C3=C(O2)C=C(C=C3)O)O
DOFJNFPSMUCECH-UHFFFAOYSA-N,COC1=C(C=C(C=C1)C2=CC(=O)C3=C(C(=C(C(=C3O2)OC)OC)OC)O)OC
GNRIZKKCNOBBMO-UHFFFAOYSA-N,CC(=CCC1=C(C2=C(C=C1O)OC3=C(C2=O)C(=C(C(=C3)O)OC)CC=C(C)C)O)C
VFENFLGNSRQELY-RFPFOJJUSA-N,C1CCN[C@@H](C1)C2CC(C3CCCCN3C2)C(=O)O
OVMSOCFBDVBLFW-VHLOTGQHSA-N,CC1=C2[C@H](C(=O)[C@@]3([C@H](C[C@@H]4[C@]([C@H]3[C@@H]([C@@](C2(C)C)(C[C@@H]1O)O)OC(=O)C5=CC=CC=C5)(CO4)OC(=O)C)O)C)OC(=O)C
QGJZLNKBHJESQX-FZFNOLFKSA-N,CC(=C)[C@@H]1CC[C@]2([C@H]1[C@H]3CC[C@@H]4[C@]5(CC[C@@H](C([C@@H]5CC[C@]4([C@@]3(CC2)C)C)(C)C)O)C)C(=O)O
DNJVYWXIDISQRD-HWUKTEKMSA-N,C[C@@]12CCC3=C([C@H]1CC[C@]45[C@H]2CC[C@H](C4)[C@](C5)(CO)O)C=CO3
PTGGVIKFNQSFBY-UHFFFAOYSA-N,CC(=O)OCC1(CC23CCC4C5=C(CCC4(C2CCC1C3)C)OC=C5)O
QAIPRVGONGVQAS-DUXPYHPUSA-N,C1=CC(=C(C=C1/C=C/C(=O)O)O)O
DBUCFOVFALNEOO-HWBIYQLFSA-N,C/C=C(/C)\C(=O)O[C@H]1CC[C@]2([C@H]3[C@@]1(O[C@@]24C[C@]5([C@@H]6CN7C[C@H](CC[C@H]7[C@@]([C@]6([C@H](C[C@]5([C@@H]4CC3)O)O)O)(C)O)C)O)O)C
XLOPRKKSAJMMEW-UHFFFAOYSA-N,CC(=CC1C(C1(C)C)C(=O)O)C
HULMNSIAKWANQO-JQKSAQOKSA-N,C[C@H]1[C@@H]([C@H]([C@H]([C@@H](O1)O[C@H]2CC[C@@]3([C@H]4CC[C@@]5([C@H](CC[C@@]5([C@@H]4CC[C@@]3(C2)O)O)C6=CC(=O)OC6)C)C=O)O)O)O
WPDITXOBNLYZHH-GGLAWTCMSA-N,C[C@@]1(CC(=O)[C@@]2([C@]3([C@H](CCC(C3[C@@H]([C@@H]([C@]2(O1)C)O)O)(C)C)O)C)O)C=C
MBNGWHIJMBWFHU-UHFFFAOYSA-N,COC1=C(C=C(C=C1)C2=CC(=O)C3=C(C=C(C=C3O2)O)O)O
FGANMDNHTVJAHL-UHFFFAOYSA-N,CC(C)(C(COC1=C(C2=C(C=C1)C(=C3C=COC3=N2)OC)OC)O)O
KVRQGMOSZKPBNS-FMHLWDFHSA-N,C[C@@]1(C[C@H]([C@]2([C@@H]1[C@@H](OC=C2)O[C@H]3[C@@H]([C@H]([C@@H]([C@H](O3)CO)O)O)O)O)O)OC(=O)/C=C/C4=CC=CC=C4
PGOYMURMZNDHNS-MYPRUECHSA-N,C[C@]12CC[C@@H]([C@@]([C@@H]1CC[C@@]3([C@@H]2CC=C4[C@]3(CC[C@@]5([C@H]4CC(CC5)(C)C)C(=O)O)C)C)(C)CO)O
ARSRJFRKVXALTF-UHFFFAOYSA-N,C1=C(C=C(C(=C1O)O)O)C2=CC(=O)C3=C(C=C(C=C3O2)O)O
DXDRHHKMWQZJHT-FPYGCLRLSA-N,C1=CC(=CC=C1/C=C/C(=O)C2=C(C=C(C=C2)O)O)O
XYPPDQHBNJURHU-IPOQXWOTSA-N,C[C@@H]1CC[C@@H]2[C@@]([C@@]13CC[C@](O3)(CCO)CO)(CC[C@@H]([C@@]2(C)CO)O)C
NWBWCXBPKTTZNQ-UHFFFAOYSA-N,CCN1CC2(CCC(C34C2CC(C31)C5(CC(C6CC4C5(C6OC)O)OC)O)OC)OC(=O)C7=CC=CC=C7NC(=O)C
AEDDIBAIWPIIBD-ZJKJAXBQSA-N,C1=C2C(=CC(=C1O)O)OC3=C(C2=O)C(=C(C(=C3)O)[C@H]4[C@@H]([C@H]([C@@H]([C@H](O4)CO)O)O)O)O
IKMDFBPHZNJCSN-UHFFFAOYSA-N,C1=C(C=C(C(=C1O)O)O)C2=C(C(=O)C3=C(C=C(C=C3O2)O)O)O
YJGVMLPVUAXIQN-HAEOHBJNSA-N,COC1=CC(=CC(=C1OC)OC)[C@H]2[C@H]3[C@H](COC3=O)[C@H](C4=CC5=C(C=C24)OCO5)O
VCMMXZQDRFWYSE-UHFFFAOYSA-N,CC1=CC(=O)C2=C(C1=O)C=CC=C2O
IHVRWFJGOIWMGC-NSCUHMNNSA-N,COC1=CC=C(C=C1)/C=C/C2=CC(=CC(=C2)O)O
RAEOYMOPVHBBKE-UHFFFAOYSA-N,CNC1=CC=CC=C1C(=O)N2CCC3=C(C2=O)NC4=CC=CC=C34
RPMNUQRUHXIGHK-PYXJVEIZSA-N,C[C@H]1[C@@H]([C@H]([C@H]([C@@H](O1)O[C@@H]2[C@H]([C@@H]([C@H](O[C@H]2OC3=CC(=C4C(=C3)OC(=CC4=O)C5=CC=C(C=C5)O)O)CO)O)O)O)O)O
HMYJLVDKPJHJCF-UHFFFAOYSA-N,CC1C2=CC(=C(C=C2CCN1)OC)OC
APJYDQYYACXCRM-UHFFFAOYSA-N,C1=CC=C2C(=C1)C(=CN2)CCN
QIVBCDIJIAJPQS-VIFPVBQESA-N,C1=CC=C2C(=C1)C(=CN2)C[C@@H](C(=O)[O-])[NH3+]
XUXBOSSCMLZGTA-UHFFFAOYSA-N,CC1(C=CC2=C(C=CC(=C2O1)C(=O)CC(=O)O)OC)C
RUDATBOHQWOJDD-UZVSRGJWSA-N,C[C@H](CCC(=O)O)[C@H]1CC[C@@H]2[C@@]1(CC[C@H]3[C@H]2[C@H](C[C@H]4[C@@]3(CC[C@H](C4)O)C)O)C
DLNKOYKMWOXYQA-VXNVDRBHSA-N,C[C@H]([C@H](C1=CC=CC=C1)O)N
WEJZLJFKUYPPDV-UHFFFAOYSA-N,COC1=CC2=C(C=C1)C=C3C4=CC(=C(C=C4OCC3(O2)O)OC)OC
FCIKYGUVHWZSJV-UHFFFAOYSA-N,CC(=CCC1=C(C=C2C(=C1O)C(=O)C3=C(C(=C(C=C3O2)OC)OC)CC=C(C)C)OC)C
WMOWJHFPSNZXSK-GQCTYLIASA-N,COC1=C(C=C(C=C1)/C=C/C(=O)C2=C(C=C(C=C2OC)OC)O)O
FUQGIYDZGLORRC-XBXARRHUSA-N,COC1=CC=C(C=C1)/C=C/C(=O)C2=C(C=CC(=C2)O)O
BXLAVJWSFYZDPF-UHFFFAOYSA-N,COC1=C(C=C(C=C1)C2=C(C(=O)C3=CC=CC=C3O2)O)OC
COCYGNDCWFKTMF-UHFFFAOYSA-N,C1=CC=C(C=C1)C2=CC(=O)C3=C(O2)C(=C(C=C3)O)O
YDOTUXAWKBPQJW-NSLWYYNWSA-N,CC(C)C[C@H]1C(=O)N2CCC[C@H]2[C@]3(N1C(=O)[C@](O3)(C(C)C)NC(=O)[C@H]4CN([C@@H]5CC6=CNC7=CC=CC(=C67)C5=C4)C)O
JXSVIVRDWWRQRT-UYDOISQJSA-N,C[C@@H]1CC[C@@]2(CC[C@@]3(C(=CC[C@H]4[C@]3(CC[C@@H]5[C@@]4(C[C@H]([C@@H]([C@@]5(C)CO)O)O)C)C)[C@@H]2[C@H]1C)C)C(=O)O
CBGDIJWINPWWJW-IYSWYEEDSA-N,C[C@@H]1[C@H](OC=C2C1=C(C(=C(C2=O)C(=O)O)O)C)C
VFLDPWHFBUODDF-FCXRPNKRSA-N,COC1=C(C=CC(=C1)/C=C/C(=O)CC(=O)/C=C/C2=CC(=C(C=C2)O)OC)O
MIJKZXWOOXIEEU-UHFFFAOYSA-N,CC1=CC(=C(C(=C1C(=O)O)O)C)OC(=O)C2=C(C(=C(C=C2C)OC)C)OC
MUMGGOZAMZWBJJ-KZYORJDKSA-N,C[C@]12CC[C@H]3[C@H]([C@@H]1CC[C@H]2O)CCC4=CC(=O)CC[C@]34C
HKQYGTCOTHHOMP-UHFFFAOYSA-N,COC1=CC=C(C=C1)C2=COC3=C(C2=O)C=CC(=C3)O
TWVJWDMOZJXUID-SDDRHHMPSA-N,C[C@H]1CC[C@H](CC2=C1CC[C@@H]2C)C(C)(C)O
BGOFCVIGEYGEOF-UJPOAAIJSA-N,C1=CC=C(C(=C1)C=O)O[C@H]2[C@@H]([C@H]([C@@H]([C@H](O2)CO)O)O)O
ZRJBHWIHUMBLCN-UHFFFAOYSA-N,CC=C1C2CC3=C(C1(CC(=C2)C)N)C=CC(=O)N3
TZJALUIVHRYQQB-XLRXWWTNSA-N,C[C@H]1[C@@H]([C@H]([C@H]([C@@H](O1)OC2=C(OC3=C(C2=O)C(=CC(=C3CC=C(C)C)O[C@H]4[C@@H]([C@H]([C@@H]([C@H](O4)CO)O)O)O)O)C5=CC=C(C=C5)OC)O)O)O
IVYPNXXAYMYVSP-UHFFFAOYSA-N,C1=CC=C2C(=C1)C(=CN2)CO
IYRMWMYZSQPJKC-UHFFFAOYSA-N,C1=CC(=CC=C1C2=C(C(=O)C3=C(C=C(C=C3O2)O)O)O)O
BEJNERDRQOWKJM-UHFFFAOYSA-N,C1=C(OC=C(C1=O)O)CO
IHLWXZNPOVMUFQ-UHFFFAOYSA-N,CC(=O)NCCC1=CC(=C(C=C1)O)C2=C(C3=C(C(=C2O)O)C(=O)C4=CC(=C(C(=C4C3=O)C(=O)O)C(=O)O)O)O
JHEWMLHQNRHTQX-UHFFFAOYSA-N,CCCCCC1=C(C(=CC2=C1OC3=CC(=CC(=C3C(=O)O2)C(=O)CCCC)OC)O)C(=O)O
ITATYELQCJRCCK-UHFFFAOYSA-N,COC(=O)C(C1=CC=CC=C1)O
HPNSFSBZBAHARI-RUDMXATFSA-N,CC1=C2COC(=O)C2=C(C(=C1OC)C/C=C(\C)/CCC(=O)O)O
NDTYTMIUWGWIMO-UHFFFAOYSA-N,CC(=C)C1CCC(=CC1)CO
RHBGITBPARBDPH-UHFFFAOYSA-N,C1OC2=C(O1)C=C(C=C2)C=CC=CC(=O)O
PJSKCCANFAFYHW-UHFFFAOYSA-N,C1=C2C=C(C=C(C(=O)C2=C(C(=C1O)O)O)O)C(=O)O
GLDQAMYCGOIJDV-UHFFFAOYSA-N,C1=CC(=C(C(=C1)O)O)C(=O)O
DKDGWAKCXBFTMM-KFHWJWAOSA-N,COC(=O)[C@H](CC1=CC=CC=C1)NC(=O)/C(=C\2/C(=C(C(=O)O2)C3=CC=CC=C3)O)/C4=CC=CC=C4
UTQKMDZXMYCSCI-UHFFFAOYSA-N,CC(=O)C1=C(C2=C(O1)C=C3C(=C2O)C(=O)C(=C(C3=O)OC)O)O
QZAYGJVTTNCVMB-UHFFFAOYSA-N,C1=CC2=C(C=C1O)C(=CN2)CCN
ZFRKQXVRDFCRJG-UHFFFAOYSA-N,CC1=CNC2=CC=CC=C12
JMSVCTWVEWCHDZ-UHFFFAOYSA-N,COC1=CC(=CC(=C1O)OC)C(=O)O
ZEASWHWETFMWCV-UHFFFAOYSA-N,C1C(C(OC2=CC(=CC(=C21)O)O)C3=CC4=C(C(=C(C=C4C5C(CC6=C(C=C(C=C6O5)O)O)OC(=O)C7=CC(=C(C(=C7)O)O)O)O)O)C(=O)C(=C3)O)OC(=O)C8=CC(=C(C(=C8)O)O)O
ORHBXUUXSCNDEV-UHFFFAOYSA-N,C1=CC(=CC2=C1C=CC(=O)O2)O
FBUBVLUPUDBFME-UHFFFAOYSA-N,CC(=O)C1=C(C=C(C=C1OC)OC)O
AADVZSXPNRLYLV-GKMXPDSGSA-N,C1C[C@@H]([C@@H]([C@@H]2[C@@H]1C[NH+]3CCC4=C([C@@H]3C2)NC5=CC=CC=C45)C(=O)[O-])O
BLGXFZZNTVWLAY-SCYLSFHTSA-N,COC(=O)[C@H]1[C@H](CC[C@@H]2[C@@H]1C[C@H]3C4=C(CCN3C2)C5=CC=CC=C5N4)O
VYIBOCHDJVESIU-UHFFFAOYSA-N,CCOC1=CC=C(C=C1)C(=O)C2=C(C(=C(C=C2)O)O)O
ADRQFDIWPRFKSP-RUDMXATFSA-N,COC1=CC=C(C=C1)/C=C/C(=O)C2=C(C=C(C=C2)O)O
QFYYAIBEHOEZKC-UHFFFAOYSA-N,COC1=C(C=CC=C1O)O
HBMCQTHGYMTCOF-UHFFFAOYSA-N,CC(=O)OC1=CC=C(C=C1)O
UAHGNXFYLAJDIN-IZZDOVSWSA-N,C1=CC=C(C=C1)/C=C/C(=O)C2=CC=C(C=C2)O
GOYZKWCPWBKPIG-RNKBQGBYSA-N,C[C@@]12CCC3C(=C)[C@]1(CC(=O)O[C@H]2C4=COC=C4)O[C@@H]5[C@]3([C@H](C(C(=O)C5)(C)C)C(C(=O)OC)O)C
REDMIYQFNIRTDF-AKZXAPPFSA-N,CC(=CCCC1(C=CC2=C(O1)C(=C3C(=C2OC(=O)C)C(=O)C4=C[C@@H]5CC6[C@@]4(O3)C(C5=O)(OC6(C)C)C/C=C(\C)/C(=O)O)CC=C(C)C)C)C
LUHMMHZLDLBAKX-UHFFFAOYSA-N,CC1C2C(CC3(C=CC(=O)C(=C3C2OC1=O)C)C)O
MTTUVGLGBORPBI-UHFFFAOYSA-N,CC1(C=CC2=C(C3=C(C=C2O1)OC4COC5=CC(=C(C=C5C4C3=O)OC)OC)O)C
RGZSQWQPBWRIAQ-UHFFFAOYSA-N,CC1=CCC(CC1)C(C)(CCC=C(C)C)O
WDJUZGPOPHTGOT-XUDUSOBPSA-N,C[C@@H]1[C@H]([C@H](C[C@@H](O1)O[C@@H]2[C@H](O[C@H](C[C@@H]2O)O[C@@H]3[C@H](O[C@H](C[C@@H]3O)O[C@H]4CC[C@]5([C@@H](C4)CC[C@@H]6[C@@H]5CC[C@]7([C@@]6(CC[C@@H]7C8=CC(=O)OC8)O)C)C)C)C)O)O
SHIBSTMRCDJXLN-KCZCNTNESA-N,C[C@]12CC[C@@H](C[C@H]1CC[C@@H]3[C@@H]2C[C@H]([C@]4([C@@]3(CC[C@@H]4C5=CC(=O)OC5)O)C)O)O
AUVVAXYIELKVAI-CKBKHPSWSA-N,CC[C@H]1CN2CCC3=CC(=C(C=C3[C@@H]2C[C@@H]1C[C@@H]4C5=CC(=C(C=C5CCN4)OC)OC)OC)OC
RRAFCDWBNXTKKO-UHFFFAOYSA-N,COC1=C(C=CC(=C1)CC=C)O
IECPWNUMDGFDKC-MZJAQBGESA-N,C[C@H]1[C@@H]2CC[C@]3([C@H]([C@]2(CC[C@H]1O)C)[C@@H](C[C@@H]\4[C@@]3(C[C@@H](/C4=C(/CCC=C(C)C)\C(=O)O)OC(=O)C)C)O)C
GEZHEQNLKAOMCA-UHFFFAOYSA-N,CC(=CCCC1(C=CC2=C(C3=C(C(=C2O1)CC=C(C)C)OC45C6CC(C=C4C3=O)C(=O)C5(OC6(C)C)CC=C(C)C(=O)O)O)C)C
YRRAGUMVDQQZIY-UHFFFAOYSA-N,C1=CC(=C(C=C1C2=C(C(=O)C3=C(O2)C(=C(C=C3O)O)O)O)O)O
KFKRXESVMDBTNQ-UHFFFAOYSA-N,CC1=C(C2=CC3=NC(=CC4=NC(=CC5=C(C(=C(N5)C=C1N2)C(C)O)C)C(=C4CCC(=O)O)C)C(=C3C)CCC(=O)O)C(C)O
JXUGSXOSZMZDGF-UHFFFAOYSA-N,CC(=O)OC1=C(C2=C(C=C1)C3C4=CC(=C(C(=C4CC3(CO2)O)OC(=O)C)OC(=O)C)OC(=O)C)OC(=O)C
RHVPEFQDYMMNSY-UHFFFAOYSA-N,CC1=NCCC2=C1NC3=C2C=CC(=C3)O
LJOQGZACKSYWCH-UHFFFAOYSA-N,CCC1CN2CCC1CC2C(C3=C4C=C(C=CC4=NC=C3)OC)O
PCZOHLXUXFIOCF-BXMDZJJMSA-N,CC[C@H](C)C(=O)O[C@H]1C[C@H](C=C2[C@H]1[C@H]([C@H](C=C2)C)CC[C@@H]3C[C@H](CC(=O)O3)O)C
PRAUVHZJPXOEIF-UHFFFAOYSA-N,CC1CCC2(CCC3(C(=CCC4C3(CC(C5C4(CC(C(C5(C)CO)O)O)C)O)C)C2C1C)C)C(=O)O
NWIBSHFKIJFRCO-WUDYKRTCSA-N,CC1=C(C(=O)C2=C(C1=O)N3C[C@H]4[C@@H]([C@@]3([C@@H]2COC(=O)N)OC)N4)N
YXOLAZRVSSWPPT-UHFFFAOYSA-N,C1=CC(=C(C=C1O)O)C2=C(C(=O)C3=C(C=C(C=C3O2)O)O)O
PVNIIMVLHYAWGP-UHFFFAOYSA-N,[H+].C1=CC(=CN=C1)C(=O)[O-]
DFPAKSUCGFBDDF-UHFFFAOYSA-N,C1=CC(=CN=C1)C(=O)N
QHGUCRYDKWKLMG-UHFFFAOYSA-N,C1=CC(=CC=C1C(CN)O)O
XHBZOAYMBBUURD-UHFFFAOYSA-N,COC1=CC=C(C=C1)CC(=O)C2=C(C=C(C=C2)O)O
UQSRXQMIXSZGLA-UHFFFAOYSA-N,CCOC(=O)C1=C(C=C(C=C1C)O)O
SVQZFPSKTHNMRD-DZCZYSFVSA-N,CC(=O)OC12[C@H]3[C@@H](C4[C@@]5(CN(C3[C@]4([C@H](C[C@H]5O)OC)C6C1C(C(C6)(C(C2O)OC)O)OC(=O)C7=CC=CC=C7)C=O)COC)OC
CDSMSBUVCWHORP-UHFFFAOYSA-N,CC(=C)C1CCC(=CC1)C(=O)O
MYEJFUXQJGHEQK-ALRJYLEOSA-N,C[C@H]1[C@@H]([C@H]([C@H]([C@@H](O1)O[C@H]2CC[C@@]3([C@H]4CC[C@@]5([C@H](CC[C@@]5([C@@H]4CCC3=C2)O)C6=COC(=O)C=C6)C)C)O)O)O
RRCYPDDIDYVEIW-UHFFFAOYSA-N,COC1=CC=C(C=C1)C2=COC3=C(C2=O)C=CC(=C3O)OC
MBZKDBQDALOSRP-UHFFFAOYSA-N,CC1(C=CC2=C(O1)C=C3C(=C2OC)C(=C(C(=O)O3)C4=CC=C(C=C4)OC)O)C
DOUMFZQKYFQNTF-WUTVXBCWSA-N,C1=CC(=C(C=C1C[C@H](C(=O)O)OC(=O)/C=C/C2=CC(=C(C=C2)O)O)O)O
IKGXIBQEEMLURG-NVPNHPEKSA-N,C[C@H]1[C@@H]([C@H]([C@H]([C@@H](O1)OC[C@@H]2[C@H]([C@@H]([C@H]([C@@H](O2)OC3=C(OC4=CC(=CC(=C4C3=O)O)O)C5=CC(=C(C=C5)O)O)O)O)O)O)O)O
MGQUMSFBIYXTTE-FIYJXLSPSA-N,C[C@@]12CCC3[C@]4([C@H](C[C@H](C(C4C[C@H]([C@]3([C@@]15[C@H](O5)C(=O)O[C@H]2C6=COC=C6)C)O)(C)C)O)O)C
WWNNZCOKKKDOPX-UHFFFAOYSA-N,C[N+]1=CC=CC(=C1)C(=O)[O-]
FVFQELHSZVFPDZ-VIFPVBQESA-N,CC(C)([C@@H]1CC2=C(O1)C(=C3C(=C2)C=CC(=O)O3)O)O
NPAQHLFPEOMKAL-UXXRCYHCSA-N,C1=CC(=CC=C1C(=O)CCO[C@H]2[C@@H]([C@H]([C@@H]([C@H](O2)CO)O)O)O)O
WEPBGSIAWZTEJR-UHFFFAOYSA-N,COC1=C(OC2=CC(=CC(=C2C1=O)O)O)C3=CC(=C(C=C3)O)O
YSINCDVRUMTOPK-UHFFFAOYSA-N,COC1=CC(=CC2=C1C(=O)C(=CO2)C3=CC=C(C=C3)O)O
NADCVNHITZNGJU-UHFFFAOYSA-N,CC(=CCC1=C2C(=C(C=C1O)O)C(=O)C(=C(O2)C3=CC=C(C=C3)O)O)C
RSWGJHLUYNHPMX-ONCXSQPRSA-N,CC(C)C1=CC2=CC[C@@H]3[C@@]([C@H]2CC1)(CCC[C@@]3(C)C(=O)O)C
RGCKGOZRHPZPFP-UHFFFAOYSA-N,C1=CC=C2C(=C1)C(=O)C3=C(C2=O)C(=C(C=C3)O)O
LZERJKGWTQYMBB-UHFFFAOYSA-N,COC1=CC=C(C=C1)C2=CC(=O)C3=C(C=C(C=C3O2)OC)O
DGXLEDCXMIJNPJ-UHFFFAOYSA-N,CCCCCC(=O)CC1=C(C(=CC(=C1)O)O)C(=O)OC2=CC(=C(C(=C2)OC)C(=O)O)CC(=O)CCCCC
QFOHBWFCKVYLES-UHFFFAOYSA-N,CCCCOC(=O)C1=CC=C(C=C1)O
ZZAJQOPSWWVMBI-UHFFFAOYSA-N,COC1=C(C=C(C=C1)C2=COC3=C(C2=O)C=CC(=C3)O)O
CWVRJTMFETXNAD-JUHZACGLSA-N,C1[C@H]([C@H]([C@@H](C[C@@]1(C(=O)O)O)OC(=O)/C=C/C2=CC(=C(C=C2)O)O)O)O
BHQCQFFYRZLCQQ-OELDTZBJSA-N,C[C@H](CCC(=O)O)[C@H]1CC[C@@H]2[C@@]1([C@H](C[C@H]3[C@H]2[C@@H](C[C@H]4[C@@]3(CC[C@H](C4)O)C)O)O)C
LQGUBLBATBMXHT-UHFFFAOYSA-N,CC1=CC2=C(C(=C1)O)C(=O)C3=C(C2=O)C=CC=C3O
PFTAWBLQPZVEMU-DZGCQCFKSA-N,C1[C@@H]([C@H](OC2=CC(=CC(=C21)O)O)C3=CC(=C(C=C3)O)O)O
KMPWYEUPVWOPIM-KODHJQJWSA-N,C=C[C@H]1CN2CC[C@H]1C[C@H]2[C@@H](C3=CC=NC4=CC=CC=C34)O
JMFRWRFFLBVWSI-NSCUHMNNSA-N,COC1=C(C=CC(=C1)/C=C/CO)O
NISPVUDLMHQFRQ-MKIKIEMVSA-N,C[C@@]12C[C@H]([C@@H]([C@]1(CC(=O)[C@@]3([C@H]2CC=C4[C@H]3C=C(C(=O)C4(C)C)O)C)C)[C@](C)(C(=O)/C=C/C(C)(C)O)O)O
QBPFLULOKWLNNW-UHFFFAOYSA-N,C1=CC2=C(C(=C1)O)C(=O)C3=C(C2=O)C=CC=C3O
RMVZECFNOTWEKD-UHFFFAOYSA-N,CC1(C=CC2=C(O1)C=CC(=C2OC)CC(=O)C3=C(C=C4C(=C3)CC(C(O4)(C)C)O)O)C
WKRLQDKEXYKHJB-HFTRVMKXSA-N,C[C@]12CC[C@H]3C(=CCC4=C3C=CC(=C4)O)[C@@H]1CCC2=O
WVVSZNPYNCNODU-XTQGRXLLSA-N,C[C@@H](CO)NC(=O)[C@H]1CN([C@@H]2CC3=CNC4=CC=CC(=C34)C2=C1)C
HAVWRBANWNTOJX-UHFFFAOYSA-N,COC1=C(C(=C2C(=C1)C=CC(=O)O2)O)O
DBPWSSGDRRHUNT-CEGNMAFCSA-N,CC(=O)[C@]1(CC[C@@H]2[C@@]1(CC[C@H]3[C@H]2CCC4=CC(=O)CC[C@]34C)C)O
RKUNBYITZUJHSG-UHFFFAOYSA-N,CN1C2CCC1CC(C2)OC(=O)C(CO)C3=CC=CC=C3
TUGWPJJTQNLKCL-UHFFFAOYSA-N,COC1=CC(=CC(=C1OC)O)C2=COC3=C(C2=O)C(=C(C(=C3)O)OC)O
ABUBCBFUQXIEAU-UHFFFAOYSA-N,COC1=C(C=C2C(=CC(=O)OC2=C1OC)C3=CC=CC=C3)O
RKWHWFONKJEUEF-GQUPQBGVSA-O,C1=CC(=C(C=C1C2=[O+]C3=CC(=CC(=C3C=C2OC4C(C(C(C(O4)CO)O)O)O)O)O)O)O
LOFYFDPXORJJEE-UHFFFAOYSA-N,C1=CC(=CC=C1CC2(C(=O)C3=C(C=C(C=C3O2)O)O)O)O
XSCVKBFEPYGZSL-JYVCFIOWSA-N,C/C=C/1\[C@@H](C(=CO[C@H]1O[C@H]2[C@@H]([C@H]([C@@H]([C@H](O2)CO)O)O)O)C(=O)OC)CC(=O)O
KWGRBVOPPLSCSI-WCBMZHEXSA-N,C[C@@H]([C@H](C1=CC=CC=C1)O)NC
PCMORTLOPMLEFB-ONEGZZNKSA-N,COC1=CC(=CC(=C1O)OC)/C=C/C(=O)O
DAUAQNGYDSHRET-UHFFFAOYSA-N,COC1=C(C=C(C=C1)C(=O)O)OC
HZLCGUXUOFWCCN-UHFFFAOYSA-N,CCCCCCCCCCCCCCCCC(C(=O)O)C(CC(=O)O)(C(=O)O)O
MEHUJCGAYMDLEL-CABCVRRESA-N,C(CCC[C@H]([C@H](CCCCCCO)O)O)CCCC(=O)O
GVJHHUAWPYXKBD-UHFFFAOYSA-N,CC1=C(C2=C(CCC(O2)(C)CCCC(C)CCCC(C)CCCC(C)C)C(=C1O)C)C
APKFDSVGJQXUKY-INPOYWNPSA-N,C[C@H]1/C=C/C=C/C=C/C=C/C=C/C=C/C=C/[C@@H](C[C@H]2[C@@H]([C@H](C[C@](O2)(C[C@H](C[C@H]([C@@H](CC[C@H](C[C@H](CC(=O)O[C@H]([C@@H]([C@@H]1O)C)C)O)O)O)O)O)O)O)C(=O)[O-])O[C@H]3[C@H]([C@H]([C@@H]([C@H](O3)C)O)[NH3+])O
QGXBDMJGAMFCBF-HLUDHZFRSA-N,C[C@]12CC[C@H](C[C@@H]1CC[C@@H]3[C@@H]2CC[C@]4([C@H]3CCC4=O)C)O
BJDCWCLMFKKGEE-KDTBHNEXSA-N,C[C@@H]1CC[C@H]2[C@H]([C@@H](O[C@H]3[C@@]24[C@H]1CC[C@](O3)(OO4)C)O)C
OHLQBKZXSJYBMK-UHFFFAOYSA-N,C#CCCCCCCCCCCCC(CC(CO)O)O
BDJRBEYXGGNYIS-UHFFFAOYSA-N,[H+].[H+].C(CCCC(=O)[O-])CCCC(=O)[O-]
OGBUMNBNEWYMNJ-UHFFFAOYSA-N,CCCCCCCCCCCCCCCCCCOCC(CO)O
JFSHUTJDVKUMTJ-QHPUVITPSA-N,C[C@@]12CC[C@@]3(C(=CC[C@H]4[C@]3(CC[C@@H]5[C@@]4(CC[C@@H](C5(C)C)O)C)C)[C@@H]1CC(CC2)(C)C)C
KZJWDPNRJALLNS-VJSFXXLFSA-N,CC[C@H](CC[C@@H](C)[C@H]1CC[C@@H]2[C@@]1(CC[C@H]3[C@H]2CC=C4[C@@]3(CC[C@@H](C4)O)C)C)C(C)C
CWCXONZIEDNVKI-PQBTTZHESA-N,CC1(CC2C1CC[C@@]3(CCC4[C@]2(C3)OC(=O)C4CC(=O)O)CBr)C
FDSDTBUPSURDBL-DKLMTRRASA-N,CC1=C(C(CCC1=O)(C)C)/C=C/C(=C/C=C/C(=C/C=C/C=C(/C=C/C=C(/C=C/C2=C(C(=O)CCC2(C)C)C)\C)\C)/C)/C
HMJJWFFZRCLIDN-UHFFFAOYSA-N,CCCCCCCCCCCCCCC(C(=O)O)C(CC(=O)OC)(C(=O)O)O
YKPUWZUDDOIDPM-SOFGYWHQSA-N,CC(C)/C=C/CCCCC(=O)NCC1=CC(=C(C=C1)O)OC
XMVQWNRDPAAMJB-UHFFFAOYSA-N,C1CC(C=C1)CCCCCCCCCCCCC(=O)O
RUDATBOHQWOJDD-BSWAIDMHSA-N,C[C@H](CCC(=O)O)[C@H]1CC[C@@H]2[C@@]1(CC[C@H]3[C@H]2[C@@H](C[C@H]4[C@@]3(CC[C@H](C4)O)C)O)C
QYSXJUFSXHHAJI-YRZJJWOYSA-N,C[C@H](CCCC(C)C)[C@H]1CC[C@@H]\2[C@@]1(CCC/C2=C\C=C/3\C[C@H](CCC3=C)O)C
HVYWMOMLDIMFJA-DPAQBDIFSA-N,C[C@H](CCCC(C)C)[C@H]1CC[C@@H]2[C@@]1(CC[C@H]3[C@H]2CC=C4[C@@]3(CC[C@@H](C4)O)C)C
OHCQJHSOBUTRHG-KGGHGJDLSA-N,CC(=O)O[C@H]1[C@H]([C@@H]2[C@]([C@H](CCC2(C)C)O)([C@@]3([C@@]1(O[C@@](CC3=O)(C)C=C)C)O)C)O
NOPFSRXAKWQILS-UHFFFAOYSA-N,CCCCCCCCCCCCCCCCCCCCCCO
CAHGCLMLTWQZNJ-WZLOIPHISA-N,C[C@H](CCC=C(C)C)[C@@H]1CC[C@]2([C@]1(CCC3=C2CC[C@@H]4[C@@]3(CC[C@@H](C4(C)C)O)C)C)C
CRDAMVZIKSXKFV-UHFFFAOYSA-N,CC(=CCCC(=CCCC(=CCO)C)C)C
LGJMUZUPVCAVPU-HRJGVYIJSA-N,CC[C@H](CC[C@@H](C)[C@H]1CC[C@@H]2[C@@]1(CC[C@H]3[C@H]2CC[C@@H]4[C@@]3(CC[C@@H](C4)O)C)C)C(C)C
FEGCPHIPSRBREU-UHFFFAOYSA-N,CC(CCC(=O)O)C1CCC2C1(C=CC3C2CCC4C3(CCC(C4)O)C)C
NOOLISFMXDJSKH-KXUCPTDWSA-N,C[C@@H]1CC[C@H]([C@@H](C1)O)C(C)C
GAOZTHIDHYLHMS-UHFFFAOYSA-N,CCC1(CCC(O1)C2(CCC3(O2)CC(C(C(O3)C(C)C(C(C)C(=O)O)OC)C)O)C)C4C(CC(O4)C5C(CC(C(O5)(CO)O)C)C)C
GLZPCOQZEFWAFX-YFHOEESVSA-N,CC(=CCC/C(=C\CO)/C)C
VQOXZBDYSJBXMA-UHFFFAOYSA-N,CC1C=CC=CCCC=CC=CC=CC=CC(CC2C(C(CC(O2)(CC(C(CCC(CC(CC(CC(=O)OC(C(C1O)C)C)O)O)O)O)O)O)O)C(=O)O)OC3C(C(C(C(O3)C)O)N)O
LPMXVESGRSUGHW-HBYQJFLCSA-N,C[C@H]1[C@@H]([C@H]([C@H]([C@@H](O1)O[C@H]2C[C@H]([C@@]3([C@@H]4[C@@H](CC[C@@]3(C2)O)[C@]5(CC[C@@H]([C@]5(C[C@H]4O)C)C6=CC(=O)OC6)O)CO)O)O)O)O
NOHXYGXFTACADH-UHFFFAOYSA-N,CC1CC(C2(C13CC(=O)C(C2(COC(=O)C3)C)(C)O)O)O
FPIPGXGPPPQFEQ-OVSJKPMPSA-N,CC1=C(C(CCC1)(C)C)/C=C/C(=C/C=C/C(=C/CO)/C)/C
JQXXWBAHSBAIEK-SHQQJEAKSA-N,CC(=CCC/C(=C/CC/C(=C/CC/C(=C/CC/C(=C/CC/C(=C/CC/C(=C/CC/C(=C/CC/C(=C/COC(=O)C)/C)/C)/C)/C)/C)/C)/C)/C)C
KWVISVAMQJWJSZ-UHFFFAOYSA-N,CC1CCC2(C(C3C(O2)CC4C3(CCC5C4CC=C6C5(CCC(C6)O)C)C)C)NC1
ACTIUHUUMQJHFO-AKWRHDLLSA-N,CC1=C(C(=O)C(=C(C1=O)OC)OC)C/C=C(\C)/CC/C=C(\C)/CC/C=C(\C)/CC/C=C(/C)\CC/C=C(\C)/CC/C=C(\C)/CC/C=C(\C)/CC/C=C(\C)/CC/C=C(\C)/CCC=C(C)C
QHZLMUACJMDIAE-UHFFFAOYSA-N,CCCCCCCCCCCCCCCC(=O)OCC(CO)O
KGYCKUADVHYVLM-UHFFFAOYSA-N,CC1(CC2C1CCC3(C(O3)CCC2(C)O)C)C
UDOOPSJCRMKSGL-ZHACJKMWSA-N,C1=CC=C(C=C1)C(=O)/C=C/C2=CC=CC=C2O
QKVNMVAISCKGFO-NYWNYWLFSA-N,C[C@@]12CCC3C(CC(=O)O[C@]3(C1)C4CC(C4CC2)(C)C)C(=O)O
UHRWOVVMQAASAO-UHFFFAOYSA-N,CC1(CC23C1CCC2(C(CCC3=O)O)C)C
JQMQKOQOLPGBBE-UHFFFAOYSA-N,CC(C)CCCC(C)C1CCC2C1(CCC3C2CC(=O)C4C3(CCC(C4)O)C)C
YIKKMWSQVKJCOP-ABXCMAEBSA-N,C[C@H](CCCC(C)C)[C@H]1CC[C@@H]2[C@@]1(CC[C@H]3[C@H]2C(=O)C=C4[C@@]3(CC[C@@H](C4)O)C)C
WKKBRRFSRMDTJB-JYBIWHBTSA-N,C[C@]1(CCC[C@@]2([C@@H]1CCC(=C)[C@H]2CCC3=CCOC3=O)C)CO
VKOBVWXKNCXXDE-UHFFFAOYSA-N,CCCCCCCCCCCCCCCCCCCC(=O)O
QMNWISYXSJWHRY-YLNUDOOFSA-N,C[C@]12CC[C@@]34C[C@@]35CC[C@@H](C([C@@H]5[C@H](C[C@H]4[C@@]1(C[C@@H]([C@@H]2[C@]6(CC[C@H](O6)C(C)(C)O)C)O)C)O[C@H]7[C@@H]([C@H]([C@@H]([C@H](O7)CO)O)O)O)(C)C)O[C@H]8[C@@H]([C@H]([C@@H](CO8)O)O)O
FVWJYYTZTCVBKE-ROUWMTJPSA-N,CC(=C)[C@@H]1CC[C@]2([C@H]1[C@H]3CC[C@@H]4[C@]5(CC[C@@H](C([C@@H]5CC[C@]4([C@@]3(CC2)C)C)(C)C)O)C)CO
UFLHIIWVXFIJGU-ARJAWSKDSA-N,CC/C=C\CCO
SEBIKDIMAPSUBY-UHFFFAOYSA-N,CC(=CC=CC=C(C)C=CC=C(C)C(=O)OC1C(C(C(C(O1)COC2C(C(C(C(O2)CO)O)O)O)O)O)O)C=CC=C(C)C(=O)OC3C(C(C(C(O3)COC4C(C(C(C(O4)CO)O)O)O)O)O)O
SERHXTVXHNVDKA-BYPYZUCNSA-N,CC1(COC(=O)[C@@H]1O)C
QIVOTMOKECOCJC-OKUZHXNBSA-N,CC(=O)C1CCC2C1([C@H](CC3C2CCC4C3(CC[C@H](C4)O)C)O)C
QGXBDMJGAMFCBF-LUJOEAJASA-N,C[C@]12CC[C@@H](C[C@@H]1CC[C@@H]3[C@@H]2CC[C@]4([C@H]3CCC4=O)C)O
DNVPQKQSNYMLRS-APGDWVJJSA-N,C[C@H](/C=C/[C@H](C)C(C)C)[C@H]1CC[C@@H]2[C@@]1(CC[C@H]3C2=CC=C4[C@@]3(CC[C@@H](C4)O)C)C
AZKVWQKMDGGDSV-BCMRRPTOSA-N,COC(=O)C1=CO[C@H]([C@H]2[C@@H]1CC=C2CO)O
LKRDZKPBAOKJBT-CNPIRKNPSA-N,C[C@@H]1[C@H]([C@H](C[C@@H](O1)O[C@@H]2[C@H](O[C@H](C[C@@H]2O)O[C@@H]3[C@H](O[C@H](C[C@@H]3O)O[C@H]4CC[C@]5([C@@H](C4)CC[C@@H]6[C@@H]5CC[C@]7([C@@]6(C[C@@H]([C@@H]7C8=CC(=O)OC8)O)O)C)C)C)C)O)O
RYHDIBJJJRNDSX-MCGLQMIESA-N,C[C@H]1[C@@H]([C@H]([C@H]([C@@H](O1)O[C@@H]2[C@H](O[C@H]([C@@H]([C@H]2O)O)OC[C@@H]3[C@H]([C@@H]([C@H]([C@@H](O3)OC(=O)[C@@]45CC[C@@]6(C(=CC[C@H]7[C@]6(CC[C@@H]8[C@@]7(CC[C@@H]([C@@]8(C)CO)O[C@H]9[C@@H]([C@H]([C@H](CO9)O)O)O[C@H]1[C@@H]([C@@H]([C@H]([C@@H](O1)C)O)O)O)C)C)[C@@H]4CC(CC5)(C)C)C)O)O)O)CO)O)O)O
JYGXADMDTFJGBT-VWUMJDOOSA-N,C[C@]12CCC(=O)C=C1CC[C@@H]3[C@@H]2[C@H](C[C@]4([C@H]3CC[C@@]4(C(=O)CO)O)C)O
AZSNMRSAGSSBNP-XPNPUAGNSA-N,CC[C@H](C)[C@@H]1[C@H](CC[C@@]2(O1)C[C@@H]3C[C@H](O2)C/C=C(/[C@H]([C@H](/C=C/C=C/4\CO[C@H]5[C@@]4([C@@H](C=C([C@H]5O)C)C(=O)O3)O)C)O[C@H]6C[C@@H]([C@H]([C@@H](O6)C)O[C@H]7C[C@@H]([C@H]([C@@H](O7)C)O)OC)OC)\C)C
RZRNAYUHWVFMIP-KTKRTIGZSA-N,CCCCCCCC/C=C\CCCCCCCC(=O)OCC(CO)O
BOTWFXYSPFMFNR-UHFFFAOYSA-N,CC(C)CCCC(C)CCCC(C)CCCC(=CCO)C
FMGSKLZLMKYGDP-USOAJAOKSA-N,C[C@]12CC[C@H]3[C@H]([C@@H]1CCC2=O)CC=C4[C@@]3(CC[C@@H](C4)O)C
CADNMISJDLVPCK-UHFFFAOYSA-N,CCCCCCCCCCCCC(C(C)C(=O)O)C(=O)O
ATHGHQPFGPMSJY-UHFFFAOYSA-N,C(CCNCCCN)CN
QFVOYBUQQBFCRH-VQSWZGCSSA-N,C[C@@]12CCC[C@@]([C@H]1CC[C@]34[C@H]2CC[C@](C3)(C(=C)C4)O)(C)C(=O)O
HCXVJBMSMIARIN-PHZDYDNGSA-N,CC[C@H](/C=C/[C@@H](C)[C@H]1CC[C@@H]2[C@@]1(CC[C@H]3[C@H]2CC=C4[C@@]3(CC[C@@H](C4)O)C)C)C(C)C
GLWPLQBQHWYKRK-UHFFFAOYSA-N,CC(C)(C(CC1=C(C=C2C(=C1OC)C=CC(=O)O2)OC)O)O
REJLGAUYTKNVJM-UHFFFAOYSA-N,CC1CCC2(C(C3C(O2)CC4C3(CCC5C4CCC6C5(CCC(C6)OC7C(C(C(C(O7)CO)OC8C(C(C(C(O8)CO)O)OC9C(C(C(CO9)O)O)O)OC2C(C(C(C(O2)CO)O)O)O)O)O)C)C)C)NC1
